Sl No,Company Name,Email ID,Category,Page
1,ABN IMPEX PVT LTD,"sales@abnimpex.com, purchase@abnimpex.com",Natural Rubber Exporters,3
2,AGN EXPORTS & ENTERPRISES,agneekch@gmail.com,Natural Rubber Exporters,3
3,ALFA CHEMICALS,chemalfa@yahoo.com,Natural Rubber Exporters,3
4,ALPHARUB TRADING AND MANUFACTURING PVT. LTD,rajiv@alphacmd.com,Natural Rubber Exporters,3
5,ALWAYE AGENCIES,alwayeagencies@yahoo.com,Natural Rubber Exporters,4
6,ALWAYE RUBEX PRIVATE LTD.,alwayerubex@yahoo.com,Natural Rubber Exporters,4
7,ALWAYE TECHNO RUBBERS PVT LTD,atrubbers@rediffmail.com,Natural Rubber Exporters,4
8,ANIL RUBBERS,"anilrub@eth.net, anilrubbers@gmail.com",Natural Rubber Exporters,4
9,A.N.RUBBERS,ptn22000@yahoo.co.in,Natural Rubber Exporters,5
10,ARASU RUBBER CORPORATION LTD,arcngl@sancharnet.in,Natural Rubber Exporters,5
11,ASHOK TRADE LINKS,"ashokindiagroup@gmail.com, ashokkerala1967@gmail.com",Natural Rubber Exporters,5
12,ASHVIN RUBBERS,ashvinrubbers@yahoo.com,Natural Rubber Exporters,5
13,A.V.THOMAS & CO. LTD.,avtcok@eth.net,Natural Rubber Exporters,6
14,BASIL RUBBER FACTORY (P) LTD,brfbasil@yahoo.com,Natural Rubber Exporters,6
15,BEETA RUBBERS,beetasajeev@yahoo.co.in,Natural Rubber Exporters,6
16,BEN ROSH,benrosh@eth.net,Natural Rubber Exporters,6
17,BLACK STAR EXPORTS,"blackstar@satyam.net.in, blackstar@sify.com",Natural Rubber Exporters,7
18,BRITE RUBBER PROCESSOR PVT LTD,briterubber@gmail.com,Natural Rubber Exporters,7
19,CEYENAR RUBBERS,rubchem@ceyenar.com,Natural Rubber Exporters,7
20,COMORIN POLYMERS AND PLANTATIONS (P) LTD,vtc@ooppoottil.com,Natural Rubber Exporters,7
21,CONTINENTAL COMMODITIES PVT LTD,"ccplvaly@rediffmail.com, ccpl@valygroup.com",Natural Rubber Exporters,8
22,COSMO ELECTRICALS,h.agarwal@yahoo.com,Natural Rubber Exporters,8
23,CRESCENT CRUMBS (P) LTD,N/A,Natural Rubber Exporters,8
24,DENNY THOMAS   MALETHUSSERIL,denny.thomas@boaaz.com,Natural Rubber Exporters,8
25,EDATHALA POLYMERS (P) LTD,edathala.polymers@gmail.com,Natural Rubber Exporters,9
26,EVE TANNERS,eveleather@hotmail.com,Natural Rubber Exporters,9
27,FLEXILIS PVT LTD,bhupesh@flexilis.in,Natural Rubber Exporters,9
28,GAYATRI MULTITRADE (P) LTD,gayatri.chemical@gmail.com,Natural Rubber Exporters,9
29,GEEKAY TRADING SYNDICATE,gktrading2796@gmail.com,Natural Rubber Exporters,10
30,HARISONS MALAYALAM LTD,"anup@harrisonsmalayalam.com, rubbersales@harisonsmalayalam.com",Natural Rubber Exporters,10
31,HEVEA CRUMB RUBBER (P) LTD,"hevea@eth.net, hevea@heveacrumb.com",Natural Rubber Exporters,10
32,HINDUSTAN RUBBER TRADING CO,hrtccalicut@gmail.com,Natural Rubber Exporters,10
33,IDEAL CRUMB RUBBER FACTORY,"info@idealcrumb.com, idealcrumb@indiatimes.com",Natural Rubber Exporters,11
34,IDUKKI RUBBERS (P) LTD,idukkicenex@sify.com,Natural Rubber Exporters,11
35,INDRAJE LATEX,indrajelatex@gmail.com,Natural Rubber Exporters,11
36,IND RUBBER TRADERS,malaya@sancharnet.in,Natural Rubber Exporters,11
37,JAIN ENTERPRISES,jainenterprises77@gmail.com,Natural Rubber Exporters,12
38,J.B.R.EXPORTS,jbrexportskkdistrict@gmail.com,Natural Rubber Exporters,12
39,J & J TRADE LINKS,"joy@jjtradelinks.com, ktmjtrade@sancharnet.in",Natural Rubber Exporters,12
40,JOSEPH RUBBERS (INDIA) PVT LTD,"josephrubbers@gmail.com, josephrubbers@yahoo.com",Natural Rubber Exporters,12
41,JOSE & COMPANY,N/A,Natural Rubber Exporters,13
42,JMF SYNTHETICS INDIA PRIVATE LTD,N/A,Natural Rubber Exporters,13
43,KARAKKATTU AGENCIES,karakkattuagencies@gmail.com,Natural Rubber Exporters,13
44,KAVANAR LATEX (P) LTD,"kavanar@satyam.net.in, info@kavanar.com",Natural Rubber Exporters,13
45,K.E.MOHAMED,kocheert@gmail.com,Natural Rubber Exporters,14
46,KERALA STATE CO-OP MARKETING FEDERATION LTD.,md@marketfed.com,Natural Rubber Exporters,14
47,KOLLAMKULAM RUBBERS (P) LTD,kollamkulam@vsnl.com,Natural Rubber Exporters,14
48,K.S. SARATH CHANDRAN,N/A,Natural Rubber Exporters,14
49,KURIAN ABRAHAM (PVT) LTD,info@ooppootil.com,Natural Rubber Exporters,15
50,MALANADU LATEX (INDIA) PVT LTD,info@malanadulatex.com,Natural Rubber Exporters,15
51,MALANADU TRADES,info@malanadulatex.com,Natural Rubber Exporters,15
52,MALAYA RUB - TECH INDUSTRIES,"malaya@malayaindia.com, malayaindia@gmail.com",Natural Rubber Exporters,16
53,MAMPARAMBIL AGENCIES,jayjaytread@gmail.com,Natural Rubber Exporters,16
54,MARIA RUBBER LINKS,ktmjjtrade@sancharnet.in,Natural Rubber Exporters,16
55,MACHINERY AGENCIES (INDIA),bkchopra-maindia@gmail.com,Natural Rubber Exporters,16
56,METRO TRADING SYNDICATE,metro110@md3.vsnl.net.in,Natural Rubber Exporters,17
57,MEZ COMTRADE,mezcomtrade@gmail.com,Natural Rubber Exporters,17
58,MOUNT VELOOR RUBBER WORKS PVT. LTD.,"mountveloor@rediffmail.com, mountveloor@gmail.com",Natural Rubber Exporters,17
59,NARMADA VALLEY RUBBERS PVT LTD,kurianjo@narmada.rubber.com,Natural Rubber Exporters,17
60,NATIONAL AGRICULTURAL CO-OPERATIVE,nafedp@coop.nic,Natural Rubber Exporters,18
61,NECHIKATTU ENTERPRISES,mail@nechikattu.com,Natural Rubber Exporters,18
62,NJAVALLIL LATEX (P) LTD.,njavallil@gmail.com,Natural Rubber Exporters,18
63,PALA MARKETING CO-OP SOCIETY LTD. NO 4214,"indiar@palamarketing.com, ktm_indiar@sancharnet.in, president@palamarketing.com",Natural Rubber Exporters,18
64,PALAZHY LATEX PVT. LTD.,palazhylatex@rediffmail.com,Natural Rubber Exporters,19
65,PERIYAR LATEX LTD.,"periyarlatex@gmail.com, periyarlatex@satyam.net.in",Natural Rubber Exporters,19
66,PIONEER LATEX INDUSTRIES,"pioneerlatex@yahoo.com, shanavazpk@yahoo.co.in",Natural Rubber Exporters,19
67,PNR IMPEX,pnrimpex@gmail.com,Natural Rubber Exporters,19
68,PRASAND JACOB ABRAHAM,prasandjacob@yahoo.com,Natural Rubber Exporters,20
69,PULIMOOTTIL ENTERPRISES,pulimootiljo@rediffmail.com,Natural Rubber Exporters,20
70,RBG TRADING CORPORATION (P) LTD,rajkumar@rbgcommodities.com,Natural Rubber Exporters,20
71,R1 INTERNATIONAL (INDIA) PVT LTD,"john@r1international.com, vinay@r1international.com",Natural Rubber Exporters,20
72,ROCKEY  C  NEROTH,n_rubber@sify.com,Natural Rubber Exporters,21
73,ROYAL  LATEX  PVT  LTD,"rijo@royallatex.com, info@royallatex.com",Natural Rubber Exporters,21
74,RUBBER INDIA,rubberindia2011@gmail.com,Natural Rubber Exporters,21
75,SEASON RUBBERS (P) LTD,"info@seasonrubbers.com, seasonrubber@sify.com",Natural Rubber Exporters,21
76,SEASON TRADING CO,"kappan@sify.com, kappan@satyam.net.in",Natural Rubber Exporters,22
77,SHIJA RUBBERS,N/A,Natural Rubber Exporters,22
78,SILVERSTONE EXPORTS,ssrubbers@silverstonerubber.com,Natural Rubber Exporters,22
79,SILVER STONE MKP POLYMERS PVT LTD,mkp@silverstonerubber.com,Natural Rubber Exporters,22
80,SILVER STONE RUBBER INDIA PVT LTD,"ssrubber@silverstonerubber.com, silverstonerub@eth.net",Natural Rubber Exporters,23
81,SPECIFIED RUBBER PVT LTD,spec_rubber@yahoo.com,Natural Rubber Exporters,23
82,ST.MARY‘S RUBBERS (P) LTD,info@st.marysrubbers.com,Natural Rubber Exporters,23
83,SOUTH INDIAN RUBBER CO,"kappan@sify.com, kappan@satyam.net.in",Natural Rubber Exporters,24
84,TECHNO EXPORTS,"suresh@technoexports.com, technoexports@satyam.net.in",Natural Rubber Exporters,24
85,THAIHUA INTERNATIONAL RUBBER CO. (P) LTD,thir@thaihua.in,Natural Rubber Exporters,24
86,THE KERALA CARDAMOM PROCESSING AND,info@kcpmc.com,Natural Rubber Exporters,24
87,THE PLANTATION CORPORATION OF KERALA LTD,plantcorpktm@sancharnet.in,Natural Rubber Exporters,25
88,THE RAJAGIRI RUBBER PRODUCE CO LTD,rubber@avtgroup.net,Natural Rubber Exporters,25
89,THE STATE FARMING CORPORATION OF KERALA LTD,sfck.pnlr@sancharnet.in,Natural Rubber Exporters,25
90,THE STATE TRADING CORPORATION OF INDIA LTD,"stckochi@eth.net, stckochi@bsnl.in",Natural Rubber Exporters,25
91,THOMAS AGENCIES,"thomasagencies@rediffmail.com, thomasagencies@gmail.com",Natural Rubber Exporters,26
92,THOMSON RUBBERS (INDIA) PVT LTD,"thomson@md3.vsnl.net.in, thomasonlatex@sancharnet.in",Natural Rubber Exporters,26
93,VERITAS (INDIA) LIMITED,mohanan.chn@hmlindia.com,Natural Rubber Exporters,26
94,VETBIOCHEM (INDIA) PVT LTD,sachin@vetbiochem.in,Natural Rubber Exporters,27
95,VIADUCT  TRADERS  PVT  LTD,naveen@viaducttraders.com,Natural Rubber Exporters,27
96,WISTERIA CORPORATE HOLDINGS,amjad@wisteriaholdings.com,Natural Rubber Exporters,27
97,WYNAD RESINS,wynadresins@yahoo.com,Natural Rubber Exporters,27
98,AAI (INDIA),aaiindia@airtelmail.in,Rubber Products Exporters,28
99,ABHINAV OVERSEAS,guptaabhinav127@hotmail.com,Rubber Products Exporters,28
100,ABHISAR BUILDWELL PRIVATE LTD.,"ajay.singh@dsgroup.com, laresh.garg@dsgroupindia.com",Rubber Products Exporters,28
101,ABYSSINIA IMPEX,abyssinia@vsnl.net,Rubber Products Exporters,28
102,AEROBOK SHOE PVT LTD,info@aerobok.in,Rubber Products Exporters,29
103,AERO RUBBER CORPORATION,"aeroarc@gmail.com, aeroarc@vsnl.net",Rubber Products Exporters,29
104,AGARWAL RECLAIM AND RUBBER PRODUCTS,agarwalreclaim@gmail.com,Rubber Products Exporters,29
105,AGARWAL RUBBER LIMITED,info@agarwalrubber.net,Rubber Products Exporters,29
106,AG DERCO BELTING INDIA PVT LTD,agderco@agengineers.net,Rubber Products Exporters,30
107,AGREENCO FIBRE FOAM PVT LTD,cnn_fibrefoam@yahoo.com,Rubber Products Exporters,30
108,AHUJA CONTINENTAL LTD/ YOKOSTONE,"acltyres@vsnl.net, factory@yokostone.com",Rubber Products Exporters,30
109,AILGA EXPORTS,info@ailga.com,Rubber Products Exporters,30
110,AILGA RUBBER WORKS,info@ailga.com,Rubber Products Exporters,31
111,AJANTA AUTO INDUSTRIES,contactus@kwalitypolymers.com,Rubber Products Exporters,31
112,AJANTA BELTS (P) LTD.,ajanta_belts@yahoo.com,Rubber Products Exporters,31
113,ALASKA EXPORTS,info@alaskaexportsindia.com,Rubber Products Exporters,31
114,ALASKA MULTI POLYMERS PVT. LTD.,alaskadelhi@gmail.com,Rubber Products Exporters,32
115,ALLEPPEY LATEX PRIVATE LIMITED,alleppeylatex@gmail.com,Rubber Products Exporters,32
116,AMEE RUBBER INDUSTRIES PVT LTD,ameerubber@hotmail.com,Rubber Products Exporters,32
117,AMITY POLYMERS,"info@amitypolymers.com, amitypolymers@vsnl.net",Rubber Products Exporters,33
118,AMPOLLI PVT LTD,rnsimhan@gmail.com,Rubber Products Exporters,33
119,ANAND NVH PRODUCTS (P) LTD,"export@anandnvh.com, anp@vsnl.net, sbaserjee@uneudnvh.com",Rubber Products Exporters,33
120,ANDHRA POLYMERS PVT LTD,"admin@applind.com, kp@applind.com",Rubber Products Exporters,34
121,ANIL RUBBER MILLS PVT LTD,"armak@nda.vsnl.net.in, armakindia@airtelmail.com",Rubber Products Exporters,34
122,APCOTEX INDUSTRIES LTD.,ckmore@apcotex.com,Rubber Products Exporters,34
123,APOLLO TYRES LTD,"nsreekumara@apollotyres.com, sales@apollotyres.com",Rubber Products Exporters,35
124,ARA MATS INTERNATIONAL,dijo@aramats.com,Rubber Products Exporters,35
125,"ARACKATHARA RECLAMATIONS,","arackathara@gmail.com, arackathara@satyam.net.in",Rubber Products Exporters,35
126,ARMACELL INDIA PVT LTD,roli.mathur@armacell.com,Rubber Products Exporters,35
127,ASHA RUBBER INDUSTRIES,hemant.asharubber@gmail.com,Rubber Products Exporters,36
128,ASMA RUBBER PRODUCTS PVT LTD,"asmaglove@eth.net, asmaglove@gmail.com",Rubber Products Exporters,36
129,ASHOK RUBBER INDUSTRIES,ashokrub@vsnl.net,Rubber Products Exporters,36
130,ASHTON INTERNATIONAL PVT LTD,shpng@ashton-india.com,Rubber Products Exporters,36
131,ASHUTOSH RUBBER PVT LTD,info@ashutoshrubber.com,Rubber Products Exporters,37
132,ASP SEALING PRODUCTS LTD,"asp@aspseals.com, aspseal@del2.vsnl.net.in",Rubber Products Exporters,37
133,ASTRA CORPORATION,swanirubber@sify.com,Rubber Products Exporters,37
134,ATC TYRES PVT LTD,"hopurchase@atgtire.com, info@atgtire.com",Rubber Products Exporters,37
135,ATUR RUBBER PRODUCTS,"aturrubbers@yahoo.com, aturrubber@vsnl.net",Rubber Products Exporters,38
136,AUBERON,auberonprn@yahoo.com,Rubber Products Exporters,38
137,AUTOFLEX PVT LTD,autoflex@vsnl.com,Rubber Products Exporters,38
138,AUTO STEEL AND RUBBER INDUSTRIES PVT LTD,dtkeswani@hotmail.com,Rubber Products Exporters,38
139,AVADH RUBBER LIMITED,"arllko@satyam.net.in, info@avadhrubbers.com",Rubber Products Exporters,39
140,AVIGIRI URETHANE & RUBBER INDUSTRIES PVT LTD,"shylapai@gmail.com, maheshd@avigri.com",Rubber Products Exporters,39
141,A V INDUSTRIES,avind@vsnl.net,Rubber Products Exporters,39
142,AVI WORLDWIDE PVT LTD,"arun@avindustries.in, info@viworldwide.in",Rubber Products Exporters,40
143,BAIRATHI SHOE CO (P) LTD,saurabhbairathi@yahoo.com,Rubber Products Exporters,40
144,BALAJI CORK & RUBBER INC,"info@balajicork.com, balajicork@yahoo.co.in",Rubber Products Exporters,40
145,BALAJI RUBBER AND RECLAIMS PVT LTD,"slm-reclaims@eth.net, info@rubberreclaim.com",Rubber Products Exporters,40
146,BALAJI RUBBER INDUSTRIES (P) LTD,slm-reclaims@eth.net,Rubber Products Exporters,41
147,BALAKRISHNA INDUSTRIES LTD,"purchase@bkt-tries.com, europe@bkt-tries.com, domestic@bkt-tries.com",Rubber Products Exporters,41
148,BANIK RUBBER INDUSTRIES,bri@cal3vsnl.net.in,Rubber Products Exporters,41
149,BASANT RUBBER FACTORY LTD,rubber@vsnl.com,Rubber Products Exporters,41
150,BASRUR UNISEAL PVT LTD,uniseal@vsnl.net,Rubber Products Exporters,42
151,BELMONT RUBBER INDUSTRIES,"info@belmontrubber.in, belmontrubin@airtelbrand.in",Rubber Products Exporters,42
152,BETA HEALTHCARE PRODUCTS PVT LTD,"betahealthcare@gmail.com, worksbeta@gmail.com",Rubber Products Exporters,42
153,BETA  INDUSTRIAL PRODUCTS,"betaindia@vsnl.com, beta@del3.vsnl.net.in",Rubber Products Exporters,42
154,BHARATH RUBBER (INDIA) LTD,"admin@veegripbelts.com, sales@veegripbelfs.com",Rubber Products Exporters,43
155,BHARTI RUBBER OVERSEAS,N/A,Rubber Products Exporters,43
156,BHARAT RUBBER WORKS PVT LTD,bharatb@bom8.vsnl.net.in,Rubber Products Exporters,43
157,BIRLA TYRES,"ho@birlatyre.com, exports@birlatyres.com",Rubber Products Exporters,43
158,BOHRA RUBBER PVT LTD,"sales@bohra.com, accounts2@bohra.com, admin@bohra.com",Rubber Products Exporters,44
159,BONY POLYMERS (P) LTD,bony@bonypolymers.com,Rubber Products Exporters,44
160,BORIVLI RUBBER WORKS,borivli@bom3.vsnl.net.in,Rubber Products Exporters,44
161,BRAHANS POLYMERS PVT LTD,"info@brahanspolymers.com, brpitd@vsnl.com",Rubber Products Exporters,45
162,BREMELS RUBBER INDUSTRIES (P) LTD,"exports@bremelsrubbers.com, bremels@vsnl.com, bermels@rediffmail.com",Rubber Products Exporters,45
163,BRIDGESTONE INDIA PRIVATE LIMITED,"care@bridgestone.co.in, customercare-tbr@bridgestone.co.in",Rubber Products Exporters,45
164,BRIDGESTONE TVS INDIA PVT LTD,sundarpk@tvstyres.com,Rubber Products Exporters,46
165,BUYER’S ENGINEERS PVT LTD,"buyersdngineers@dataone.in, buyer@eth.net",Rubber Products Exporters,46
166,BYMER ELASTOMERS,sales@bymer.com,Rubber Products Exporters,46
167,CAPITAL AUTO RUBBER PRODUCTS PVT LTD,"sales@capitalautorubbers.com, export@capitalautorubber.com",Rubber Products Exporters,46
168,CEAKAY INDUSTRIES,ceakayindustries@yahoo.com,Rubber Products Exporters,47
169,CEAT LTD,"bharatsharma@ceatltd.com, marketing@ceatltd.com, jimmy@ceatltd.com",Rubber Products Exporters,47
170,CELLURUBB PRODUCTS PRIVATE LIMITED,finance1.manesar@rooppolymers.com,Rubber Products Exporters,47
171,CENTURY FIBRE PLATES (P) LTD,"projects_cfpl@centuaryindia.com, b2bsales_cfpl@centuaryindia.com",Rubber Products Exporters,47
172,CENTURY INDUSTRIAL PRODUCTS PVT LTD,"centuryrubber09@gmail.com, centrubb@vsnl.com",Rubber Products Exporters,48
173,CHHATARIYA FIRETECH INDUSTRIES,cfi@sancharnet.in,Rubber Products Exporters,48
174,CHOKSEY CHEMICALS PVT LTD,contact@chokseychem.com,Rubber Products Exporters,48
175,CHOPRA RETEC RUBBER PRODUCTS LTD,"chopraretec@gmail.com, chopraretec@hotmail.com",Rubber Products Exporters,48
176,CHOWDHRY INDUSTRIES,exim@crcc.in,Rubber Products Exporters,49
177,CLASSIC COIR FACTORY,info@classiccoir.com,Rubber Products Exporters,49
178,CLIMAX OVERSEAS PVT LTD,N/A,Rubber Products Exporters,49
179,COIRMATES INDIA,coirmatesindia@gmail.com,Rubber Products Exporters,49
180,CONCORD CONVEYORS,"concord_conveyor2000@yahoo.com, concord_conveyor2000@rediffmail.com",Rubber Products Exporters,50
181,CONVEX LATEX PVT LTD,"manav@vsnl.com, cipl2027@gmail.com",Rubber Products Exporters,50
182,CONTINENTAL CONVEYORS PVT LTD,ccplindia@yahoo.com,Rubber Products Exporters,50
183,CONTITECH INDIA PVT LTD,info@contitech.in,Rubber Products Exporters,50
184,CORI ENGINEERS PVT LTD,"igp@md3.vsnl.net.in, igp@vsnl.com",Rubber Products Exporters,51
185,CORRUB INDUSTRIES,"natcork@airtelmail.in, notcork@vsnl.net",Rubber Products Exporters,51
186,COSCO (INDIA) LIMITED,"gurgaon@coseo.in, mail@cosco.in",Rubber Products Exporters,51
187,COSMO EXPORTS,"cosmoexp@hotmail.com, cosmoexp@satyam.net.in",Rubber Products Exporters,52
188,CUPID LTD,cupid_bom@yahoo.co.in,Rubber Products Exporters,52
189,DELTA RUBBER PRODUCTS PVT LTD,"rubber@applind.com, floraflooring@applind.com",Rubber Products Exporters,52
190,DEVASHISH POLYMERS PVT LTD,ckmody@devashishpolymers.com,Rubber Products Exporters,52
191,DINDI RUBBER PVT LTD,nandi@nanditube.com,Rubber Products Exporters,53
192,D.M. EXPORTS PVT LTD,dmequest@vsnl.com,Rubber Products Exporters,53
193,DOLPHIN RUBBER INDUSTRIES,"dolphin12345@sify.com, sales@dolphinrubbermat.com",Rubber Products Exporters,53
194,DOVE INTERNATIONAL,info@doveint.com,Rubber Products Exporters,54
195,DOW CORNING INDIA PVT LTD,gopal.digaskar@dowcorning.com,Rubber Products Exporters,54
196,D P TRADING CO (I),dptrading_401@rediffmail.com,Rubber Products Exporters,54
197,D S ENGINEERS & CONSULTANTS,sdhanania@rediffamil.com,Rubber Products Exporters,54
198,DUNLOP INDIA LTD,feedback@dunlop.co.in,Rubber Products Exporters,55
199,DURATUF PRODUKT,"info@duratufproduct.com, aayush@duratufproduct.com",Rubber Products Exporters,55
200,DUROFLEX PRIVATE LTD/EOCO LATEX EXPORTS (P) LTD,"duroflexalpy@gmail.com, cocolatexexport@gmail.com",Rubber Products Exporters,55
201,DYNAMIC RUBBERS PVT LTD,"accounts@dynamicrubbers.com, info@dynamicrubbers.com",Rubber Products Exporters,55
202,EAGLE MINING PRODUCTS PVT LTD,pradeep_srivastaa@rediffmail.com,Rubber Products Exporters,56
203,EASONS POLYMERS,ibapamb@dataone.in,Rubber Products Exporters,56
204,EASTERN MATTRESSES PVT LTD,"sunidramktg@eastern.in, sunidrafactory@eastern.in",Rubber Products Exporters,56
205,EASTERN TREADS LTD.,treads@eastern.in,Rubber Products Exporters,56
206,EASTMAN INDUSTRIES,addoindia@eastmanglobal.com,Rubber Products Exporters,57
207,EASTMAN RECLAMATIONS,nipur@kohinooronline.com,Rubber Products Exporters,57
208,ECO GREEN RUBBERS PVT LTD,ashish_kalani@hotmail.com,Rubber Products Exporters,57
209,ECO GREEN RUBBERS PVT LTD,N/A,Rubber Products Exporters,57
210,ELASTO TECH INDUSTRIES,info@elasto-tech.com,Rubber Products Exporters,58
211,ELGI  RUBBER COMPANY LIMITED,"info@elgirubber.com, info@in.elgirubber.com",Rubber Products Exporters,58
212,ELGI ULTRA INDUSTRIES LTD,polytexmktg@elgiultra.com,Rubber Products Exporters,58
213,ELITE INDIA RUBBER PRODUCTS PVT LTD,"elitenbr@yahoo.com, info@eliteindiarubberproducts.com",Rubber Products Exporters,59
214,EMDET JAMSHEDPUR (P) LTD,"info@emdetjsr.com, ceo@emdetjsr.com",Rubber Products Exporters,59
215,EMRALD RESILIENT TYRE MANUFACTURERS (P) LTD,ssg@emraldtyres.com,Rubber Products Exporters,59
216,ENKAY (INDIA) RUBBER CO PVT LTD,"aksingh@enkayrub.com, contact@enkayrub.com",Rubber Products Exporters,60
217,ESKEGIE RECLAIMS PRIVATE LTD.,mdbalajirubber@gmail.com,Rubber Products Exporters,60
218,ESWAR RUBBER PRODUCTS PVT LTD,slm-reclaims@eth.net,Rubber Products Exporters,60
219,EUREKA CONVEYOR BELTINGS PVT LTD,eurekabeltings@hotmail.com,Rubber Products Exporters,60
220,EVERHINE RUBBERS (PVT) LTD,"info@evershinerubbers.com, evershinerubbers@rediffmail.com",Rubber Products Exporters,61
221,EXCEL CONTROLINKAGE PVT LTD,ag@technotrades.com,Rubber Products Exporters,61
222,FALCON TYRES LTD,"feedback@falcontyres.com, rd@falcontyres.com",Rubber Products Exporters,61
223,FAMCOM GLOBAL EXPORTS,"22famcom@del2.vsnl.net.in, famcomindia@sify.com, info@famcom.in",Rubber Products Exporters,61
224,FELIX CONSORTIUM,sales@felixconsortium.com,Rubber Products Exporters,62
225,FELIX RUBBERS PVT LTD,info@felixrubbers.com,Rubber Products Exporters,62
226,FILATEX-VCT PVT LTD,"info@filatex.in, filatex@md3.vsnl.net.in",Rubber Products Exporters,62
227,FILATEX VECHUKUNNEL PVT LTD,albert@fvpl.co.in,Rubber Products Exporters,62
228,FILCOMPS,filcomps@gmail.com,Rubber Products Exporters,63
229,FISHFA RUBBERS LTD,"info@fishfarubbers.com, exports@flooratexrubber.com, floora@sancharnet.in",Rubber Products Exporters,63
230,FORBO SIEGLING MOVEMENT SYSTEMS INDIA PVT LTD,ashish.ranjan@forbo.com,Rubber Products Exporters,64
231,FORBES EWART & FIGGIS (P) LTD,forbes1@vsnl.com,Rubber Products Exporters,64
232,FORECH INDIA LTD,"info@forech.com, forech@mdb.vsnl.net.in",Rubber Products Exporters,64
233,FOUR FRESH RETAILS PVT LTD,customercare@4fresh.in,Rubber Products Exporters,65
234,FREEDOM RUBBER LTD,bhatiaks@yahoo.com,Rubber Products Exporters,65
235,GANESA RUBBER RECLAIMERS,slm-reclaims@sancharnet.in,Rubber Products Exporters,65
236,GANGAMANI ENTERPRISE PVT LTD,gangamani2001@yahoo.com,Rubber Products Exporters,65
237,GARWARE BESTRETCH LTD,"info@garwarebeil.com, a.dyahadroy@garwarebeil.com",Rubber Products Exporters,66
238,GARWARE ELASTOMERICS LTD,info@garwarebeil.com,Rubber Products Exporters,66
239,GATES  INDIA PVT LTD,"customercare@gates.com, gatesind@satyam.net.in",Rubber Products Exporters,66
240,G.B. RUBBER PRODUCTS,"adityagupta@gbrubberproduct.com, gbrubber@vsnl.net",Rubber Products Exporters,67
241,GENERAL RUBBER PRODUCTS,"generalrubber@gmail.com, strpcigrp@dataone.in",Rubber Products Exporters,67
242,GENERAL RUBBERS,midas@vsnl.com,Rubber Products Exporters,67
243,GLENROCK RUBBER PRODUCTS PVT LTD,glenrock@sancharnet.in,Rubber Products Exporters,68
244,GOLDEN ROLLS PVT LTD,sales@goldenrolls.com,Rubber Products Exporters,68
245,GOLDFLEX AUTO PARTS PVT LTD,colmjs@yahoo.com,Rubber Products Exporters,68
246,GOLD SEAL AVON POLYMERS PVT LTD,"cyrus@goldseal.in, sales@goldseal.in",Rubber Products Exporters,69
247,GOLD SEAL ENGINEERING PRODUCTS PVT LTD,"cyrus@goldseal.in, sales@goldseal.in",Rubber Products Exporters,69
248,GOLDSEAL SAARGUMMI INDIA (P) LTD,mavis@goldseal.in,Rubber Products Exporters,69
249,GOLDY INTERNATIONAL INC,eximclub89@yahoo.com,Rubber Products Exporters,70
250,GOODYEAR INDIA LTD/GOOD YEAR SOUTHASIA PVT LTD,"garhwal@goodyear.com, export@goodyear.com",Rubber Products Exporters,70
251,GOVIND RUBBER LTD,"ludhiana@grltires.com, ludhiana@govindrubber.com",Rubber Products Exporters,70
252,GOVIND RUBBER LTD,"darak@govindrubber.com, info@grltyres.com",Rubber Products Exporters,70
253,GREEN ENERGY RESOURCES,akmund@gmail.com,Rubber Products Exporters,71
254,"GRP LTD (F’LY, GUJARAT RECLAIM & RUBBER)","sales.ip@grpweb.com, ajay.gandhi@grpweb.com",Rubber Products Exporters,71
255,HABASIT IAKOKA PVT LTD,p.karunakaran@habasit.com,Rubber Products Exporters,71
256,HANKOOK LATEX PVT LTD,"hlpl.marketing@gmail.com, hllp@sify.com, sales@hankooklatex.in",Rubber Products Exporters,72
257,HARKESH RUBBER INDUSTRIES,"darshan.shah@harkeshrubber.com, info@harkeshrubber.com",Rubber Products Exporters,72
258,HARTEX RUBBER PVT LTD,"exports@hartex.in, s.bagta@hartex.in",Rubber Products Exporters,72
259,HARYANA RUBBER UDYOG,info@haryanarubberudyog.com,Rubber Products Exporters,73
260,HELICORD TRANSMISSIONS PRIVATE LIMITED,sales@helicord.in,Rubber Products Exporters,73
261,HEVEA RUBBER TECHNOLOGIES (P) LTD,"hevea@sancharnet.in, laila.kurien@hevea.co.in, kurian-kurian@hevea.co.in",Rubber Products Exporters,73
262,HI-CARE POLYMERS PVT LTD,"hicarekklm@yahoo.co.in, marketing@hicarepolymers.com",Rubber Products Exporters,74
263,H I C INTERNATIONAL CO INC,"belts@universaldelhi.org, universal@hic-india.com",Rubber Products Exporters,74
264,HIGHRANGE RUBBER & COIR PRODUCTS PRIVATE LTD,highrange@satyam.net.in,Rubber Products Exporters,74
265,HIGH TECH RECLAIM PVT LTD,"export@hightechreclaim.com, info@hightechreclaim.com",Rubber Products Exporters,75
266,HIMANSHU ORGANICS (P) LTD,"info@himanshuorganics.com, export@himanshuorganics.com",Rubber Products Exporters,75
267,HINDUSTAN INDUSTRIAL CORPORATION,info@hicindia.com,Rubber Products Exporters,75
268,HINDUSTAN RUBBERS (SILVASSA),"mkt@ravasco.com, ravasco@vsnl.net",Rubber Products Exporters,76
269,HINDUSTAN WHEELS PVT LTD,"exports@hindustantyres.com, mainimunish@hindustantyres.com",Rubber Products Exporters,76
270,HLL LIFECARE LTD,exports@hindlatex.com,Rubber Products Exporters,76
271,HORIZON RECLAIM (INDIA) PVT LTD,horizonreclaim@in.com,Rubber Products Exporters,77
272,HOSPITAL EQUIPMENT MFG CO,info@hemcmedical.com,Rubber Products Exporters,77
273,HOSUR COIR FOAMS (P) LTD,"marketing@hosurcoir.com, accounts@hosurcoir.com",Rubber Products Exporters,77
274,HSI AUTOMOTIVES LTD,"hsiitd@hsiauto.com, hsiauto@vsnl.com",Rubber Products Exporters,77
275,IDEAL POLYMERS (INDIA) PVT LTD,rajyanush@gmail.com,Rubber Products Exporters,78
276,ILPEA  PARAMOUNT LIMITED,ilpea@satyam.net,Rubber Products Exporters,78
277,INARCO LIMITED,gvaras@inarco.com,Rubber Products Exporters,78
278,INDAG RUBBER LTD,"support@indagrubber.com, info@indagrubber.com",Rubber Products Exporters,78
279,INDIAN RUBBER PRODUCTS,22irp1@vsnl.com,Rubber Products Exporters,79
280,INDIAN SYNTHETIC RUBBER LIMITED,"harish.narula@isrl.co.in, info@isrl.co.in",Rubber Products Exporters,79
281,INDIMECH,unimech08@yahoo.com,Rubber Products Exporters,79
282,INDIRA RUBBER & PLASTICS PVT LTD,"indirarubber@vsnl.net, indirarubber@yahoo.com",Rubber Products Exporters,79
283,INDO RUBBER & PLASTIC WORKS,"vickysports@yahoo.co.in, info@vickysports.com",Rubber Products Exporters,80
284,INDORE RUBBER PRIVATE LIMITED,rohit@indorerubber.com,Rubber Products Exporters,80
285,INDUS MEDICARE LTD,"iml@satyam.net.in, info@indusmedicare.com",Rubber Products Exporters,80
286,INDUSTRIAL RUBBER MOULDERS,accounts@irmome.com,Rubber Products Exporters,80
287,INDUSTRIAL ROLLER CORPORATION,sales@lathia.in,Rubber Products Exporters,81
288,INK & PRINT,bhargava_saket@rediffmail.com,Rubber Products Exporters,81
289,INNOVA RUBBERS PVT LTD,"innovarpl@sify.com, sales@innovarubbers.com",Rubber Products Exporters,81
290,INNOVATIVE TYRES & TUBES LTD,"innovativetyre@gmail.com, info@innovativetyres.com",Rubber Products Exporters,81
291,INTERMARK CORPORATION,intcorp@ndf.vsnl.net.in,Rubber Products Exporters,82
292,INTERNATIONAL RUBBER TECH PRIVATE LIMITED,info@irtindia.com,Rubber Products Exporters,82
293,IMPERIAL AUTO INDUSTRIES LTD,"nkvedi@impauto.com, info@impauto.com",Rubber Products Exporters,82
294,IMPERIAL WATER PROOFING INDUSTRIES PVT LTD,"admin@rubaloy.com, iwi@vsnl.com",Rubber Products Exporters,82
295,IRM OFFSHORE AND MARINE ENGINEERS PVT LTD,"accounts@irmome.com, sales@irmone.com",Rubber Products Exporters,83
296,JAI  BAJRANG RUBBER PRIVATE LIMITED,jbrubber@gmail.com,Rubber Products Exporters,83
297,JAMNADAS INDUSTRIES,"jamnadas_industries@yahoo.com, wecare@jamnadasindustries.com",Rubber Products Exporters,83
298,JANATHA POLYMERS,soman14@yahoo.com,Rubber Products Exporters,83
299,JANSONS BALERS,alp_jansons@sancharnet.in,Rubber Products Exporters,84
300,JAYASHREE POLYMER EXPORTS PVTLTD,"vsbansal@jayashreepolymers.com, info@jayashreepolymers.com",Rubber Products Exporters,84
301,JAYASHREE POLYMERS PVT LTD,"harpal.singh@jayashreepolymers.com, jaypolymers@eth.net",Rubber Products Exporters,84
302,JAYASHREE TUBESTECH COMPONENT PVT LTD,shyam.powale@jayashreepolymers.com,Rubber Products Exporters,84
303,JAYCO SAFETY PRODUCTS PVT LTD,jaycosafety@yahoo.in,Rubber Products Exporters,85
304,JHAVERY TEXTILES,N/A,Rubber Products Exporters,85
305,J.K. ANSELL LTD,"deepak.vyas@raymond.in, belbhumikas@rymondindia.com",Rubber Products Exporters,85
306,J K FENNER (INDIA) LTD,"fenner-india@jkfenner.com, export@jkfenner.com",Rubber Products Exporters,86
307,J.K. OVERSEAS,jk-overseas@vsnl.net,Rubber Products Exporters,86
308,J K TYRES,"info@jktyre.com, exports@jktyre.com",Rubber Products Exporters,86
309,JONSON RUBBER INDUSTRIES,"jonson@vsnl.com, sales@jonsonrubber.com",Rubber Products Exporters,87
310,JOSCO RUBBERS/JOSCO FOOTWEAR.CO,"mail@josco.com, josco_accounts@hotmail.com",Rubber Products Exporters,87
311,JSON  POLYMER PVT LTD,"jsonpolymer@gmail.com, mayali2004@yahoo.co.in",Rubber Products Exporters,87
312,KAISONS RUBBERS,"kaisonsheffin@gmail.com, kaison@sanan.net.in",Rubber Products Exporters,87
313,KANAM LATEX INDUSTRIES PVT LTD,"kanam@asianetindia.com, surgicare@kanamlatx.com, kanamlatex@gmail.com",Rubber Products Exporters,88
314,KANJUR NATURALS,gloves@kanjur.com,Rubber Products Exporters,88
315,KANTILAL CHHOTALAL & CO,"kcrubber@mtnl.net.in, info@kceerubber.com",Rubber Products Exporters,88
316,K A PREVULCANISED LATEX PVT. LTD,"jjqmdt@hotmail.com, info@kapvl.com",Rubber Products Exporters,89
317,KAPSYN MANUFACTURING COMPANY,"info@kapsyn.com, baldev@kapsyn.com",Rubber Products Exporters,89
318,KAPURTHALA HI-TECH TRANSBELT PVT LTD,kbelting@vsnl.com,Rubber Products Exporters,89
319,KARAM INDUSTRIES PVT LTD,"v_swami@satyam.net.in, vswami@sify.com",Rubber Products Exporters,90
320,KERALA RUBBER AND RECLAIMS LIMITED,"krrltd@gmail.com, krr@asianetindia.com",Rubber Products Exporters,90
321,KEY DYNAMICS,keydynamics@hotmail.com,Rubber Products Exporters,90
322,K-FLEX INDIA PVT LTD,accounts@kflex.in,Rubber Products Exporters,90
323,KIMAYA IMPEX PVT LTD,kimayaimpex@vsnl.net,Rubber Products Exporters,91
324,KOHINOOR ELASTICS PVT LTD,contact@kohinoorelastics.com,Rubber Products Exporters,91
325,KOHINOOR INDIA LTD,"hsb@kohinooronline.com, info@kohinooronline.com",Rubber Products Exporters,91
326,KOHINOOR INTERNATIONAL,"sandeep@kohinooronline.com, info@kohinooronline.com",Rubber Products Exporters,91
327,KOSJAE,kosjae@gmail.com,Rubber Products Exporters,92
328,KPM  PLASTO RUBBER CO,"muthu@kpmrubber.com, kpmplasto@gmail.com, info@kpmrubber.com",Rubber Products Exporters,92
329,K.R. INDUSTRIES,"karthik@krindustries.com, malai1512@yahoo.co",Rubber Products Exporters,92
330,KRISHNA BELTS PVT LTD,"krishna@beltindia.com, marketing@krishnabelts.com, ssh@krishnabelts.com",Rubber Products Exporters,93
331,KRYPTON INDUSTRIES LTD,krypton@vsnl.com,Rubber Products Exporters,93
332,KUMAR ADHESIVE PVT LTD,"sahaindustry@gmail.com, kumars@giasclol.vsnl.net.in",Rubber Products Exporters,93
333,KUN TYRES INDIA PVT LTD,kuntyres@yahoo.com,Rubber Products Exporters,94
334,KURIAN ABRAHAM PVT LTD,"query@ooppoottil.com, serjun_ka@dataone.in, kalatex_ngc@sancharnet.in",Rubber Products Exporters,94
335,KURLON LTD,"customercare@kurlon.com, blrfact@kurlon.org",Rubber Products Exporters,94
336,KUTTANADU COIR & RUBBER PRODUCTS,kuttanadrubber@gmail.com,Rubber Products Exporters,95
337,KWALITY POLYMERS PVT LTD,contactus@kwalitypolymers.com,Rubber Products Exporters,95
338,KWIK PATCH LTD,"subbukwik@gmail.com, sales@kwikpatch.com",Rubber Products Exporters,95
339,LAKHANI  FOOTCARE  LTD,ivindore@sancharnet.in,Rubber Products Exporters,96
340,LAKHANI RUBBER WORKS,"info@lakhanifootwear.com, anilpunj@lakhanifootwear.com",Rubber Products Exporters,96
341,LAKSHMI PRECISION COMPONENTS,"lpcepr@gmail.com, lakshmirubber@gmail.com",Rubber Products Exporters,96
342,LAKSHMI RUBBER INDUSTRIES,sales@lakshmirubber.com,Rubber Products Exporters,96
343,LATHIA INTERNATIONAL,"sales@lathia.in, ucarurely@bom3.vsnl.net.in",Rubber Products Exporters,97
344,LATHIA RUBBER MFG CO PVT LTD,"sales@lathia.in, sales@lathiarubber.com",Rubber Products Exporters,97
345,LEBRACS RUBBER LININGS (P) LTD,"lebracsnandakr@gmail.com, info@lebracsrubber.com",Rubber Products Exporters,97
346,LION RUBBER INDUSTRIES PVT LTD,"lionrubber@lionrubber.com, lionrubber@hotmail.com",Rubber Products Exporters,97
347,L & P RUBBER INDUSTRIES,"info@lptreads.com, lprubbers@hotmail.com",Rubber Products Exporters,98
348,L & P RUBBER PRODUCTS,"landp@hotmail.com, info@lptreads.com",Rubber Products Exporters,98
349,LUNAR RUBBERS PVT LTD,"lunars@sify.com, info@lunars.com",Rubber Products Exporters,98
350,LUNA TYRES PVT LTD,lunatyres@gmail.com,Rubber Products Exporters,98
351,LYALLPUR RUBBER MILLS,inc.rbs@gmail.com,Rubber Products Exporters,99
352,MADRAS ELASTOMERS LTD,"airboss@eth.net, airboss@airtelmail.com",Rubber Products Exporters,99
353,MAGIC EXIM PVT LTD,ashish@magicexim.com,Rubber Products Exporters,99
354,MAHALAXMI RUBTECH LTD,mrt@mrtglobal.com,Rubber Products Exporters,100
355,MAHANT INDUSTRIES,"arifmahant@gmail.com, mahantind@sify.com, corporate@mahantrubber.com",Rubber Products Exporters,100
356,MAHARASHTRA POLYMER PRODUCTS,maharashtra_polymer@yahoo.com,Rubber Products Exporters,100
357,MAHARASHTRA TYRE & RUBBER INDUSTRIES,sealink@bom8.vsnl.net.in,Rubber Products Exporters,101
358,MALHOTRA RUBBER LTD,mrltires@yahoo.com,Rubber Products Exporters,101
359,MANGAL POLYSIL,"ashwin@mangalpolysil.com, sales@mangalpolysil.com",Rubber Products Exporters,101
360,MANISHA RUBBER ENTERPRISES,sales@manisharubber.com,Rubber Products Exporters,102
361,MARKAP RESOURCES PRIVATE LIMITED,kapil.kohli214@yahoo.com,Rubber Products Exporters,102
362,MARUTI AUTO SPARE PARTS PVT LTD,"rsdaliya@gmail.com, rsdaliya@vsnl.com",Rubber Products Exporters,102
363,MARUTI RUB PLAST PRIVATE LIMITED,"mru@vsnl.com, mnu@vsnl.net, sanjeevgrover@marutiplast.com",Rubber Products Exporters,103
364,MATANGI POLYMERS & PRODUCTS PVT LTD,eximclub89@yahoo.com,Rubber Products Exporters,103
365,MATHEWSONS EXPORTS & IMPORTS (P) LTD,"exim@mathewsons.com, msa@mathewsons.com",Rubber Products Exporters,103
366,MASCOT FOOTCARE,anilpunj@lakhanifootwear.com,Rubber Products Exporters,104
367,MASK POLYMERS PVT LTD,"accounts@maskpolymer.com, mask@maskpolymers.com",Rubber Products Exporters,104
368,MAXSHIELD RUBBER PRODUCTS PVT LTD,N/A,Rubber Products Exporters,104
369,MEEN BEEN ELASTOMERS PVT LTD,imports@sriimpex.com,Rubber Products Exporters,105
370,MEGA RUBBER TECHNOLOGIES PVT LTD,"sales@megarubbertech.com, admin@megarubbertech.com",Rubber Products Exporters,105
371,MERCURY RUBBER MILLS,sales@mercuryrubbermills.com,Rubber Products Exporters,105
372,MERIDIAN INFLATABLES PVT LTD,service@meridian.in,Rubber Products Exporters,106
373,METAL ENGINEERING & TREATMENT CO LTD,"metcoaccts@vsnl.net, metcobearings@metcoal.com",Rubber Products Exporters,106
374,METROPOLI OVERSEAS LTD,"mail@cmimpex.com, metropolioverseas@gmail.com",Rubber Products Exporters,106
375,METRO TYRES LTD,"exports@metrogroupindia.com, info@metrogroup.co.in",Rubber Products Exporters,107
376,METZELER AUTOMOTIVE PROFILES INDIA PVT LTD,"rn.yadav@maps-in.com, vishnu-singh@maps-in.com",Rubber Products Exporters,107
377,MEWAT TYRE & RUBBER (P) LTD,N/A,Rubber Products Exporters,107
378,M.G. EXPORTS,tonymgk@hotmail.com,Rubber Products Exporters,108
379,M.G.M. RUBBER COMPANY,"sales@mgmrc.com, mgmrc@vsnl.com",Rubber Products Exporters,108
380,MICHIGAN RUBBER (INDIA) LTD,"michigantyres@hotmail.com, mail@michingantyreco.in",Rubber Products Exporters,108
381,MICHELIN INDIA TAMILNADU TYRES (P) LTD,brij.uberoi@in.michelin.com,Rubber Products Exporters,108
382,MICRO BELTS & TYRES PVT LTD,"micro@vsnl.com, info@microbelts.com",Rubber Products Exporters,109
383,MIDAS POLYMER COMPOUNDS PVT LTD,"reju@midastreads.com, midas@vsnl.com",Rubber Products Exporters,109
384,MIDAS PRE-CURED TREADS PVT LTD,"midas@vsnl.com, info@midastreads.com",Rubber Products Exporters,109
385,MIDAS RUBBER PVT LTD,"reju@midastreads.com, midas@vsnl.com",Rubber Products Exporters,110
386,MIJU COMPONENTS PVT LTD,"ashish@miju.es, mktgmc@miju.es, info@mijucomponents.com",Rubber Products Exporters,110
387,MIL INDUSTRIES LTD,mil@milindustries.com,Rubber Products Exporters,110
388,MINAR RECLAIMATION PVT  LTD,"export@himanshuorganics.com, info@himanshuorganics.com",Rubber Products Exporters,111
389,M.K. FOOTWEARS,"ravinder@jla.vsnl.net.in, mkf@vsnl.net",Rubber Products Exporters,111
390,M M RUBBER COMPANY LTD,"mmfoamchennai@gmail.com, mmrubber@gmail.com",Rubber Products Exporters,111
391,M.M.SURI & ASSOCIATES (P) LTD,mmsa@nda.vsnl.net.in,Rubber Products Exporters,112
392,MODERN RUBBER & ALLIED INDUSTRIES,"modbelt2329@rediffmail.com, info@modernrubbers.com, sales@modernrubbers.com",Rubber Products Exporters,112
393,MOHAN MUTHA EXPORTS PVT LTD,mutha@mmexports.com,Rubber Products Exporters,112
394,MONOTONA TYRES LTD (MTL),"export@monotona.com, plant@monotona.com",Rubber Products Exporters,112
395,MOTIBA SILICONE PVT LTD,"otibasilicone@gmail.com, sales@mangalpolysil.com",Rubber Products Exporters,113
396,MOTILAL KALIANDAS & CO,motilalkaliandas@gmail.com,Rubber Products Exporters,113
397,MOSQ INDUSTRIAL RUBBER PRODUCTS PVT LTD,thirupathi@eth.net,Rubber Products Exporters,113
398,MRF LTD,"info@mrftyres.com, sales@mrftyres.com",Rubber Products Exporters,113
399,MRK HEALTHCARE PVT LTD,"info@mrkhealthcare.com, export@mrkhealthcare.com",Rubber Products Exporters,114
400,MRP AUTORUB PVT LTD,"autorub@xlweb.com, mrp_autorub@yahoo.com",Rubber Products Exporters,114
401,MRP-MDI RUBBER SOLUTIONS PVT LTD,"mrp_autorub@yahoo.com, sales@moldeddimansions.com",Rubber Products Exporters,114
402,MTS  INCORPORATION,mts@jla.vsnl.net.in,Rubber Products Exporters,115
403,M. V. ENTERPRISE,"alstrong@hathway.com, deepak@alstrongerclaim.com",Rubber Products Exporters,115
404,"NALIN RUBBER (P) LTD,","exports@nalinrubber.com, director@nalirubber.net, sales@nalinrubber.com",Rubber Products Exporters,115
405,NANDHINI RUBBER INCORPORATERS,nri_ashok@yahoo.com,Rubber Products Exporters,115
406,NARENDRAN POLYMERS,topfloor@vsnl.com,Rubber Products Exporters,116
407,NARENDRAN RUBBERS,topfloor@vsnl.com,Rubber Products Exporters,116
408,NARENDRAN SONS,topfloor@vsnl.com,Rubber Products Exporters,116
409,NARMADA VALLEY RUBBERS PVT LTD,contact@narmadarubber.com,Rubber Products Exporters,116
410,NATIONAL ENGINEERING INDUSTRIES LTD,"ner@cal2.vsnl.net.in, nerkolkata@yahoo.com",Rubber Products Exporters,117
411,NATIONAL EXPORTS CORPORATION,"nrc@jla.vsnl.net.in, nrcexports@yahoo.com",Rubber Products Exporters,117
412,NATIONAL RUBBER ENGINEERS,"nre.nre@gmail.com, natrubber@vsnl.com",Rubber Products Exporters,117
413,NAV AUXICHEM PVT LTD,"sales@perfectbelting.com, navauxichem@vsnl.net",Rubber Products Exporters,118
414,NAVYUG (INDIA) LTD,"info@navyugbelts.com, navyugbelts@satyam.net.in",Rubber Products Exporters,118
415,NEELKANTH BELTINGS,info@neelkanthbeltings.com,Rubber Products Exporters,118
416,NEELKANTH RUBBER MILLS,"info@neelrub.com, manaav@jla.vsnl.net.in, info@neelkanthrubber.mills.com",Rubber Products Exporters,119
417,NEWAGE FIRE PROTECTION ENGINEERS PVT LTD,"shinde@newagefireprotection.com, info@newagefireprotection.com",Rubber Products Exporters,119
418,NEWTECH TRANS (INDIA) PVT LTD,ntitrans@yahoo.co.in,Rubber Products Exporters,119
419,NIRMAL RUBBER INDUSTRIES,"nirmalin_ad1@sancharnet.in, nirmal_in@hotmail.com",Rubber Products Exporters,119
420,NISHIGANDHA POLYMERS PVT LTD,"more@bom2.vsnl.net.in, info@nishigandhapolymers.com",Rubber Products Exporters,120
421,NIVEDA INTERNATIONAL,niveda@vsnl.com,Rubber Products Exporters,120
422,NORTHLAND RUBBER MILLS,northland@northlandrubber.com,Rubber Products Exporters,120
423,NORTHPOLD INDUSTRIES,"info@northpole-industries.com, northpol@jila.vsnl.net.in",Rubber Products Exporters,120
424,NOSLAR INTERNATIONAL LTD,"info@noslar.co.in, delhioffice@noslar.co.in",Rubber Products Exporters,121
425,NRC INDUSTRIES LTD,"nrc@jla.vsnl.net.in, info@nrcconveyor.com",Rubber Products Exporters,121
426,N.R.C. INDUSTRIES LTD,"nrcexports@gmail.com, nrc@jla.vsnl.net.in",Rubber Products Exporters,121
427,NU-CORK PRODUCTS PVT LTD,"info@nucork.in, nucork@nde.vsnl.net.in",Rubber Products Exporters,121
428,NULIFE GLOBAL MEDICAL DEVICES PVT LTD,"info@mrkhealthcare.com, ngmdindia@gmail.com",Rubber Products Exporters,122
429,OMFA RUBBERS PVT LTD,"sales@omfarubbers.com, info@omfarubbers.com",Rubber Products Exporters,122
430,OMNOVA SOLUTIONS INDIA PVT LTD,mumeipl@eliokem.com,Rubber Products Exporters,122
431,ONS,ons22@rediffmail.com,Rubber Products Exporters,122
432,OPTICON CONVEYORS PVT LTD,david@opticon.co.in,Rubber Products Exporters,123
433,ORIENTAL RUBBER INDUSTRIES LTD,"hpsrivastava@orientalrubber.com, ovil@vsnl.com, info@orientalrubber.com",Rubber Products Exporters,123
434,OSAKA RUBBER PVT LTD,osakarubber@vsnl.com,Rubber Products Exporters,123
435,OYSTER INDUSTRIES PVT LTD,oysterindustries@gmail.com,Rubber Products Exporters,123
436,P & P INTERNATIONAL,ppintl@vsnl.com,Rubber Products Exporters,124
437,PARAGON AUTOTECH PRODUCTS PVT LTD,"rahuljain@paragonautotech.in, contect@paragonauto.com",Rubber Products Exporters,124
438,PARAGON POLYMER PRODUCTS PVT LTD,"priktm@sancharnet.in, info@paragonfootwear.com",Rubber Products Exporters,124
439,PARAGON RUBBER INDUSTRIES,"info@paragonfootwear.com, sales@paragonfootwear.com",Rubber Products Exporters,125
440,PARAMOUNT POLYMER PRODUCTS,"paramountpolymer@gmail.com, sales@paramountpolymer.com",Rubber Products Exporters,125
441,PARAMOUNT SEALS & PACKINGS,"psp@paraseals.com, sales@paraseals.com, account@paraseals.com",Rubber Products Exporters,125
442,PARKER HANNIFIN INDIA PVT LTD,"bharath.kumar1@parker.com, vparuchuri@parker.com",Rubber Products Exporters,126
443,PARKMAN ELASTOMERS PVT LTD,"parkman@vsnl.com, contact@parkman.in",Rubber Products Exporters,126
444,PENTAGON RUBBER PRIVATE LIMITED,"sales@pentagonrubber.com, works@petagonrubber.com",Rubber Products Exporters,126
445,PENTA LATEX,arun@pentagroup.in,Rubber Products Exporters,126
446,PEPS INDUSTRIES PVT LTD,"manjunath@pepsindia.com, info@pepsindia.com",Rubber Products Exporters,127
447,PHOENIX CONVEYOR BELT INDIA PVT LTD,"bodhisatya.sen@phoenixbeltsindia.com, tbiswas@phoenixyule.com, kkganguly@phoenixbeltsindia.com",Rubber Products Exporters,127
448,PIX TRANSMISSIONS LTD,"pixtran@bom2.vsnl.net.in, info@pixtrans.com, excise.ngp@pixtrans.com",Rubber Products Exporters,127
449,PODDAR TYRES LTD,"export@bedrocktyres.com, poddar@jila.vsnl.net.in, poddartyres@sify.com",Rubber Products Exporters,128
450,POLAR PHARMA INDIA LTD,"achintyaagarwal@polarinc.com, akt@polarinc.com",Rubber Products Exporters,128
451,POLYBOND INDIA PVT LTD,"mkt.polybond@rathigroup.com, sapawar@rathigroup.com",Rubber Products Exporters,128
452,POLY RUBBER PRODUCTS,"polyrubber@vsnl.com, sales@polyrubber.com",Rubber Products Exporters,129
453,POLYRUB EXTRUSIONS (INDIA) PVT LTD,polyrub@gmail.com,Rubber Products Exporters,129
454,POWEL AND BARTLETT,pnbfloorings@gmail.com,Rubber Products Exporters,129
455,POWER RUBBER INDUSTRIES PVT LTD,"spiindia@vsnl.com, support@powerrubbers.co.in",Rubber Products Exporters,130
456,PRABHAT ELASTOMERS PVT LTD,"import@prabhatind.com, sales@prabhatind.com",Rubber Products Exporters,130
457,PRECISION RUBBER INDUSTRIES PVT LTD,priplho@vsnl.com,Rubber Products Exporters,130
458,PRECISION SEALS MANUFACTURING LTD,"fin@preciseal.com, rmz@preciseal.com, mttg@preciseal.com",Rubber Products Exporters,131
459,PREMIER CONVEYORS PVT  LTD,"a_neeraj2006@yahoo.co.in, info@premierconveyors.com",Rubber Products Exporters,131
460,PREMIER RUBBER MILLS,"salesprm@gmail.com, info@premierrubber.net",Rubber Products Exporters,131
461,PREMIER SEALS (INDIA) PVT  LTD,mohangupta@premierseals.in,Rubber Products Exporters,132
462,PRERNA INDUSTRIAL POLYMER ENGINEERING,pipecohyd@gmail.com,Rubber Products Exporters,132
463,PRESTON INDIA PVT LTD/ELASTREX POLYMERS PVT LTD,"admin@paragonfootwear.com, visit_accounts@paragonfootwear.com",Rubber Products Exporters,132
464,PRIMUS GLOVES PVT  LIMITED,"primusgl@vsnl.com, primusgloves@eth.net",Rubber Products Exporters,133
465,PRS TYRES LTD,"admin@prstyres.com, prstyres@gmail.com",Rubber Products Exporters,133
466,PRUDENTIAL RUBBER PVT LTD,midas@vsnl.com,Rubber Products Exporters,133
467,PULSAR RUBBER MANUFACTURING CO  PVT LTD,"pulsarrubber@vsnl.net, pulsar@cal.vsnl.net.in",Rubber Products Exporters,134
468,PUNEET POLYMERS,sales@puneet.in,Rubber Products Exporters,134
469,PUNEET RESINS LTD,"hbhatia@rishiroop.com, sales@puneet.in",Rubber Products Exporters,134
470,RAASVIN RUBBERS PVT LTD,"raasvin@raasvin.com, sales@raasvin.com, purchase@raasvin.com",Rubber Products Exporters,135
471,RADHU PRODUCTS (P) LTD,"radhu.ho@gmial.com, radhu.ho@yahoo.com",Rubber Products Exporters,135
472,RAJ TRADING CO,"rajsagar1967@yahoo.com, sales@rajballoons.com",Rubber Products Exporters,135
473,RAKSHA RECLAMATIONS,rakshareclamations@gmail.com,Rubber Products Exporters,135
474,RALSON (INDIA) LTD,"ho@ralson.com, ralson.idh@rmc.springgroup.com, info@ralson.com",Rubber Products Exporters,136
475,RAMSONS CYCLES (P) LTD,ramsons@gmail.com,Rubber Products Exporters,136
476,RANE ELASTOMER PROCESSORS,ranelast@vsnl.com,Rubber Products Exporters,136
477,RAVASCO TRANSMISSION & PACKING PVT LTD,"mkt@ravasco.com, sales@ravasco.com",Rubber Products Exporters,137
478,REGENT CORPORATION,regentcorporation.india@gmail.com,Rubber Products Exporters,137
479,RESTOLEX COIR PRODUCTS PVT LTD,"ho@restolex.com, sales@restolex.com",Rubber Products Exporters,137
480,REVLON RUBBERS PVT LTD,info@revlonrubbers.com,Rubber Products Exporters,138
481,RFB LATEX LTD,"rfb@vsnl.com, rfblatex@vsnl.com",Rubber Products Exporters,138
482,RISING SUN INTERNATIONAL,"sheetalmehra@rediffmail.com, mail@risingsuninternational.com",Rubber Products Exporters,138
483,R.K. PROFILES PVT LTD,"rkprofiles@airtelmail.in, rkprofiles@rkprofiles.com",Rubber Products Exporters,139
484,R. K. RECLAIM & RUBBER PRODUCTS PVT LTD.,info@rkrubbers.com,Rubber Products Exporters,139
485,R. K. RUBBER RECLAMATION (P) LTD,info@reclaimrubber.com,Rubber Products Exporters,139
486,R.M. EXPORTS,"gurvinder@rmexports.cok, rmexports@vsnl.com, hoses@rmexports.com",Rubber Products Exporters,140
487,RMG PRODUCTS PVT LTD,mggupta2011@gmail.com,Rubber Products Exporters,140
488,ROLEX  RECLAIM PVT LTD,"info@rolexreclaim.com, export@rolexreclaim.com",Rubber Products Exporters,140
489,ROOP KOEPP FOAM TECHNOLOGIES PVT LTD,"anil.jain@rooppolymers.com, sales@roopkoepp.com",Rubber Products Exporters,141
490,ROOP RUBBER MILLS LTD,"sales@rooppolymers.com, s.nair@rooppolymers.com",Rubber Products Exporters,141
491,ROULUNDS CODAN (INDIA) LTD,ad@roulundsindia.net,Rubber Products Exporters,141
492,ROYAL INFRACONSTRU LTD,"saraogi@royalconstruct.com, sales@royaltrack.com",Rubber Products Exporters,141
493,ROYAL PLASTIC INDUSTRIES PVT LTD,rubroyal@yahoo.com,Rubber Products Exporters,142
494,ROYAL RUBBER & PLASTIC PRODUCTS,"royalrub@sify.com, sales@royalrubbers.co.in",Rubber Products Exporters,142
495,ROYAL TYRES PRIVATE LIMITED,"royaltyre@rediffmail.com, sales@royaltyres.com",Rubber Products Exporters,142
496,RUBBER CRAFT INDUSTRIES,"purchase@rubbercraftind.com, mkt@rubbercraftind.com, md@rubbercraftind.com",Rubber Products Exporters,142
497,RUBBER MAKE,"rubber99@mtnl.net.in, rubber99@bomz.vsnl.net.in",Rubber Products Exporters,143
498,RUBBER PRODUCTS LTD THE,"rpl@rubpro.com, pur_sm@rubpro.com",Rubber Products Exporters,143
499,RUBBER TECH,rubbertech@vsnl.com,Rubber Products Exporters,143
500,RUBCO-KERALA STATE RUBBER CO-OPERATIVE LTD,"info@rubcogroup.com, ctt@rubcogroup.com, exim@rubcomail.com",Rubber Products Exporters,143
501,RUBEK BALLOON PVT LTD,"partyman@eth.net, ho_rubek@rediffmail.com",Rubber Products Exporters,144
502,RUBFILA INTERNATIONAL LTD,"rubfila@vsnl.com, sales@rubfila.com, rubfila@gmail.com",Rubber Products Exporters,144
503,RUBLEX  EXPORTS PVT LTD,rub_flex@yahoo.com,Rubber Products Exporters,144
504,R.V.R. TECHNOLOGIES LTD,ralson@sancharnet.in,Rubber Products Exporters,144
505,SACHINDRA POLYMER INDUSTRIES,"sachindra08@bsnl.in, hitechrubber@eth.net",Rubber Products Exporters,145
506,SAFE CARE RUBBER PRODUCTS (P) LTD,"safecare@airtelbrodband.in, safecare@dataone.in",Rubber Products Exporters,145
507,SAFESHIELD INDIA RUBBER PRODUCTS PVT LTD,info@safesdhieldindia.com,Rubber Products Exporters,145
508,SAGAR RUBBER PRODUCTS PVT LTD,sagar.kamlesh@gmail.com,Rubber Products Exporters,145
509,SAMSONS RUBBER INDUSTRIES (P) LTD,sales@helicord.in,Rubber Products Exporters,146
510,SANREA HEALTHCARE PRODUCTS PRIVATE LIMITED,sanreahealthcare@gmail.com,Rubber Products Exporters,146
511,SAPPHIRE RECLAIM RUBBER PVT LTD,info@sapphirerubbers.com,Rubber Products Exporters,146
512,SASA RUBBERS PVT LTD,info@sasarubbers.com,Rubber Products Exporters,146
513,SAWATANI MEDI PRODUCTS INDIA PVT LTD,"sawatani@dataone.in, swataniindia@sancharnet.in",Rubber Products Exporters,147
514,SAWATANI RUBBERS INDIA PVT LTD,sawatani@dataone.in,Rubber Products Exporters,147
515,SAXON FLUID SEALING DEVICES,info@saxonsseals.com,Rubber Products Exporters,147
516,SCHLEGEL AUTOMOTIVE INDIA PRIVATE LIMITED,"arvind.nanda@ruiagroup.co.in, ashok.goenka@ruiagroup.co.in",Rubber Products Exporters,147
517,SCHMITZ INDIA PVT LTD,schmitz@vsnl.com,Rubber Products Exporters,148
518,SELLOWRAP INDUSTRIES PVT LTD,accountsho@sellowrap.com,Rubber Products Exporters,148
519,SEMPERTRANS NIRLON PVT LTD,"info@sempertransnirlon.com, bharatzore@semperfransnird.com",Rubber Products Exporters,148
520,S & J GRANULATE SOLUTIONS PVT LTD,info@sjgranulate.com,Rubber Products Exporters,148
521,SHALIMAR RUBBER AND PLASTIC INDUSTRIES,"shalimar@shalimarrubber.com, shalimaexports@vsnl.net",Rubber Products Exporters,149
522,SHIVAM POLYMERS,"naveen@shivpol.co.in, info@shivpol.co.in",Rubber Products Exporters,149
523,SHORE AUTO RUBBER EXPORTS PVT LTD,kishore@shorerubber.com,Rubber Products Exporters,149
524,SHREE ELASTOMERS,"shree_group@vsnl.com, shree.elastomers@gmail.com",Rubber Products Exporters,149
525,SHREEGEE IMPEX PVT LTD,info@shreegeeimpex.com,Rubber Products Exporters,150
526,SHRIRAM RUBBER PRODUCTS PVT LTD,"sriramrubber@eth.net, sriramrubber@vsnl.net",Rubber Products Exporters,150
527,SHREE SAMARTH RUBBER INDUSTRIES,N/A,Rubber Products Exporters,150
528,SIGMA FREUDENBERG NOK PVT LTD,"bbsharma@sfnindia.com, plant@sfnindia.com, sales@sfnindia.com",Rubber Products Exporters,150
529,SIGMA RUBBER & PLASTICS PVT LTD,N/A,Rubber Products Exporters,151
530,SILVER MULLER RUBBER LIMITED,silvermullerruber@gmail.com,Rubber Products Exporters,151
531,SILVER TEX INDUSTRIES,"export@copierpartsilver.com, supertex@vsnl.net",Rubber Products Exporters,151
532,SIMEXS INDUSTRIES,simexsind9@hotmail.com,Rubber Products Exporters,151
533,SIMMCO RUBBER & PLASTICS PVT LTD,N/A,Rubber Products Exporters,152
534,SINGLA POLYMERS,singlapolymer@yahoo.co.in,Rubber Products Exporters,152
535,SISCO LATEX PVT LTD,siscofactory2013@gmail.com,Rubber Products Exporters,152
536,S.M. INTERNATIONAL,grexpo@ndb.vsnl.net.in,Rubber Products Exporters,152
537,SNR RECLAMATIONS PVT LTD,"ravneetmiglani@gmail.com, info@snrreclamations.com",Rubber Products Exporters,153
538,SOCCER INTERNATIONAL (P) LTD,"info@soccerindia.com, soccer@nda.vsnl.net.in",Rubber Products Exporters,153
539,SOFTEX  INDUSTRIAL PRODUCTS PVT LTD,"sip@softexindproducts.com, sip@rediffmail.com",Rubber Products Exporters,153
540,SOMI CONVEYOR BELTINGS LTD.,"accounts@somiconveyor.com, director@somiconeyor.com",Rubber Products Exporters,154
541,SONI ROLLERS PVT LTD,"info@sonirollers.com, enquiry@sonirollers.com",Rubber Products Exporters,154
542,SONI RUBBER PRODUCTS LTD,"soni.chinmoy@gmail.com, enquiry@soni.co.in",Rubber Products Exporters,154
543,SOUTH WEST TECHNOLOGIES & SERVICES PVT LTD,sealings8@gmail.com,Rubber Products Exporters,155
544,SPAN TECHNOLOGIES PVT LTD,exports@spantech.in,Rubber Products Exporters,155
545,SPEEDWAYS RUBBER COMPANY,"exim@speedways.co.in, info@speedwaystyres.com, sales@speedwaystyres.com",Rubber Products Exporters,155
546,SPEEDWAYS TYRES LIMITED,contact@speedways.co.in,Rubber Products Exporters,155
547,SPRY RUBBERS LTD,mukesh_kakkad2000@yahoo.com,Rubber Products Exporters,156
548,SRI ANUSHAM RUBBER INDUSTRIES PVT LTD,"gloveworldep@gmail.com, srianusham@gmail.com",Rubber Products Exporters,156
549,SRIDHAR ENGINEERING & RUBBER PRODUCTS PVT LTD,"kmmurthy@sridharrubber.com, sridhar9002@gmail.com, marketing@sridharrubber.com",Rubber Products Exporters,156
550,S.R.I. IMPEX PVT LTD,"imports@sriimpex.com, info@sriimpex.com",Rubber Products Exporters,156
551,SRI MEENAKSHY RUBBER INDUSTRIES,info@smirubber.com,Rubber Products Exporters,157
552,SRI RAMKARTHIC POLYMERS PRIVATE LIMITED,sriramkarthic.2008@rediffmail.com,Rubber Products Exporters,157
553,S. S. RUBBERS PVT LTD,"info@ssrubbers.com, mktg@ssrubbers.com",Rubber Products Exporters,157
554,STAR INDIA CONVEYORS,"starindiaconveyors@gmail.com, sales@starindiaconveyors.com",Rubber Products Exporters,157
555,STAR POLYMERS INC,info@starpolyrubber.com,Rubber Products Exporters,158
556,STALLION TYRES LTD,vmn@stalliontyres.com,Rubber Products Exporters,158
557,STANDARD GANPATI MERCHANDISE PVT LTD,"accounts@ganpatiexim.com, info@ganapatiexim.com",Rubber Products Exporters,158
558,STANDARD TREADS PVT LTD,"midas@vsnl.com, info@midastreads.com",Rubber Products Exporters,158
559,STANLEY RUBBER INDUSTRIES,stanleyrubber_ind@yahoo.co.in,Rubber Products Exporters,159
560,STANSON RUBBER PRODUCTS,"stansonrubber@yahoo.co.in, sbsoris@stansonrubber.com",Rubber Products Exporters,159
561,STERLING SOLID TYRES P LTD,"sstpl@vsnl.com, solidtires@gmail.com, solidtyres@airtelmail.com",Rubber Products Exporters,159
562,ST. MARYS RUBBERS PVT LTD,info@stmarysrubbers.com,Rubber Products Exporters,160
563,SUBIR RUBBER INDUSTRIES,subirrubber@yahoo.in,Rubber Products Exporters,160
564,SUDHAGAD RUBBER INDUSTRIES PVT LTD,sri.rubber@yahoo.co.in,Rubber Products Exporters,160
565,SUDHAN RUBCHEM,sudhrub@vsnl.net,Rubber Products Exporters,160
566,SUJAN BARRE THOMAS ANTIVIBRATION SYSTEM,info@sujanbarrethomas.com,Rubber Products Exporters,161
567,SUJAN INDUSTRIES,"sujan@bom3.vsnl.net.in, sujanindustries@gmail.com, sujanunit2@gmail.com",Rubber Products Exporters,161
568,SUJA SHOEI INDUSTRIES PVT LTD,"mglr@sujarubber.com, sujav@dataone.in, devpt@sujarubber.com",Rubber Products Exporters,161
569,SULFEX MATTRESS CO.,sulfex@sulflexmattress.com,Rubber Products Exporters,162
570,SUNDARAM INDUSTRIES LTD,"exports@tvsrubber.com, sub@tvsrubber.com, slics@silcorporate.in",Rubber Products Exporters,162
571,SUN EXIM,info@sunreclaims.in,Rubber Products Exporters,162
572,SUPER HOZE INDUSTRIES PVT LTD,"nitish.agarwal@super-hoze.com, anupam@super-hoze.com",Rubber Products Exporters,162
573,SUPER RECLAMATIONS (P) LTD,superreclamations@rediffmail.com,Rubber Products Exporters,163
574,SUPER SEALS INDIA LTD,contact@superseal.com,Rubber Products Exporters,163
575,SUPER TEX INDUSTRIES,supertex@vsnl.net,Rubber Products Exporters,163
576,SUPREME INDUSTRIES,"supremeind2001@yahoo.co.in, info@thesupremeindustries.com",Rubber Products Exporters,163
577,SUPREME RUBBER INDUSTRIES,grewalbelt@yahoo.com,Rubber Products Exporters,164
578,SURAKSHA PRODUCTS PVT LTD,"spplptc@surakshaproducts.com, suraksha@surakshaproducts.com",Rubber Products Exporters,164
579,SUTURES INDIA PRIVATE LIMITED/,"sales@suturesin.com, hr@suturesin.com",Rubber Products Exporters,164
580,SUYOG RUBBER (INDIA) PVT LTD,tng@suyogrubber.com,Rubber Products Exporters,164
581,SWANI RUBBER IDUSTRIES,"swanirubber@sify.com, sales@swanirubber.com",Rubber Products Exporters,165
582,TALBROS PVT LTD,"talbros@talbros.com, ajay-singh@talbros.com",Rubber Products Exporters,165
583,TAYLOR RUBBER PVT LTD,"info@taylorrubber.com, nrs@taylorrubber.com",Rubber Products Exporters,165
584,TEGA  INDUSTRIES LTD (FORMERLY: TEGA INDIA LTD),"samir.deb@tegaindustries.com, tega.cal@elnet.ems.vsnl.net.in, sanjeeve@tegaindustries.com",Rubber Products Exporters,166
585,TERUMO PENPOL LIMITED,"rajessh@terumopenpol.com, pviswanathan@terumopenpol.com",Rubber Products Exporters,166
586,TEXTILE RUBBER & CHEMICAL CO (INDIA) PVT LTD,"trecindia@sify.com, info@trec.com",Rubber Products Exporters,166
587,THE ALLEPPEY COMPANY LTD,goodacre@vsnl.com,Rubber Products Exporters,167
588,THEJO ENGINEERING LTD,"thejo@thejo-engg.com, ponneri1@thejo-engg.com, storepn1@thejo-engg.com",Rubber Products Exporters,167
589,THE KERALA STATE CO-OPERATIVE COIR MARKETING,coirfedho@gmail.com,Rubber Products Exporters,167
590,THE WARP & WEFT,alp_prachand@sancharnet.in,Rubber Products Exporters,167
591,TISHUBHA RUBBER (INDIA) TRICON POLYMERS PVT LTD,tricon@mtnl.net.in,Rubber Products Exporters,168
592,TITAN RUBBER MILLS,"titan_rubber@yahoo.com, info@titanrubbersmills.com",Rubber Products Exporters,168
593,T J P EXPORTS,"ceo@tjp.co.in, info@tjp.co.in",Rubber Products Exporters,168
594,T.J.P. RUBBER INDUSTRIES,"tjprubber@hotmail.com, info@tjp.co.in",Rubber Products Exporters,168
595,TOLINS TYRE & TREADS PVT LTD.,"info@tolins.com, uae@tolins.com",Rubber Products Exporters,169
596,TRAVANCORE MATS & MATTING CO,"info@travancore-co.com, twwl@satyamnet.in, tmmc@satyam.net.in",Rubber Products Exporters,169
597,TREADS DIRECT LIMITED,info@in.treadsdirect.com,Rubber Products Exporters,169
598,TREADS DIRECT LIMITED,info@in.treadsdirect.com,Rubber Products Exporters,169
599,TRELLEBRONG AUTOMOTIVE INDIA PVT LTD,sunil.agrawal@trelleborg.com,Rubber Products Exporters,170
600,TRIDENT INTERNATIONAL PVT LTD,"trident@trident-intl.com, sales@trident-intl.com",Rubber Products Exporters,170
601,TRIVENI RUBBER,"rohit.millns@trivenirubber.com, wisham@vsnl.com",Rubber Products Exporters,170
602,TRUSKIN GLOVES (P) LTD,"truskin@truskingloves.com, sales@sutures.in.com",Rubber Products Exporters,171
603,TTK - LIG LTD,kalyanasundaram.n@ttk-lig.com,Rubber Products Exporters,171
604,TULSI CORPORATION,karan.duckback@gmail.com,Rubber Products Exporters,171
605,TVS NOVETEMA ELASTOMERIC PRODUCTS (P) LTD,N/A,Rubber Products Exporters,171
606,TVS SRICHAKRA LIMITED,"marketing@tvstyres.com, venugopal@tvstyres.com",Rubber Products Exporters,172
607,UNIFLY RUBBER YARN LTD,unifly493@gmail.com,Rubber Products Exporters,172
608,UNIPATCH RUBBER LTD,"anilluthra@unipatchrubber.com, corporate@unipatchrubber.com",Rubber Products Exporters,172
609,UNIQUE AUTO RUBBER UDYOG (P) LTD,"unique@del3.vsnl.net.in, info@uniqueautorubber.com",Rubber Products Exporters,172
610,UNIRUB TECHNO INDIA PVT LTD,"unirubtechno@gmail.com, bhaskare-sujata@vsnl.net",Rubber Products Exporters,173
611,UNISTAR DISTRIBUTION PVT LTD,N/A,Rubber Products Exporters,173
612,UNITED RUBBER INDUSTRIES (I) PVT LTD,"exports@unitedrubber.net, domestic@unitedrubber.net",Rubber Products Exporters,173
613,UNITED RUBBER PVT LTD,"unirub@sify.com, jobwork@unirub.com",Rubber Products Exporters,174
614,UNIVERSAL MEDICAP LTD,"universal.medicap@sril.net, admin@unlindia.com",Rubber Products Exporters,174
615,UNIVERSAL PROPHYLACTIC PVT LTD,"marketing@universalcondom.in, universalcondom@gmail.com, universalprophylactic@gmail.com",Rubber Products Exporters,174
616,USR TYRE & TREADS PVT LTD,"info@usrtyres.com, usrtyresandtreads@gmail.com",Rubber Products Exporters,175
617,UTILITY ENGINEERS,utilityengineers@mtnl.net.in,Rubber Products Exporters,175
618,VAID ELASTOMER PROCESSORS PVT LTD,"contact@vaidelastomer.com, sales@vaidelastomer.com",Rubber Products Exporters,175
619,VAJRA RUBBER PRODUCTS PVT LTD,"contact@vajrarubber.com, vajrarubber@vsnl.com",Rubber Products Exporters,175
620,VAKO SEALS PVT LTD (FORMERLY VAKO SEAL),"vako@vakoseals.com, unit2@vakoseals.com",Rubber Products Exporters,176
621,VAMSHI RUBBER LIMITED,info@vamshirubber.org,Rubber Products Exporters,176
622,VARROC ELASTOMERS PVT LTD,"takalkar.vijay@varrocelastomers.com, purchase@varrocelastomers.com",Rubber Products Exporters,176
623,VEEKESY RUBBER INDUSTRIES,contact@vkcgroup.com,Rubber Products Exporters,177
624,VENUS RUBBERS,"venusim@vsnl.com, info@venusrubbers.com",Rubber Products Exporters,177
625,VETTOOR POLYMERS,vettoor_polymers2020@yahoo.com,Rubber Products Exporters,177
626,VICKY RUBBER MILLS,vrmills@vsnl.com,Rubber Products Exporters,177
627,VIIAS POLYMERS LTD,vilas_polymer@yahoo.com,Rubber Products Exporters,178
628,VIJAYA LAKSHMI HEALTH & SURGICALS PVT LTD,info@vlhsglove.com,Rubber Products Exporters,178
629,VIJAY LATEX PRODUCTS PVT LTD,"vijaysabre@vsnl.net, marketing@vijajhygyn.in",Rubber Products Exporters,178
630,VIJAY TECHNOLOGIES (I) PVT.LTD,N/A,Rubber Products Exporters,179
631,VIKAMSHI FABRICS PVT LTD,info@vikamshi.com,Rubber Products Exporters,179
632,VINKO AUTO INDUSTRIES LTD,alaska@alaska-vinko.com,Rubber Products Exporters,179
633,V N M ENGINEERS,"ge_unmpl@yahoo.com, vsc_vnm@yahoo.co.in",Rubber Products Exporters,179
634,VRUSHABH BELTINGS PVT LTD,vbpl@vrushabhtranscon.com,Rubber Products Exporters,180
635,WAHEGURN RUBER MANUFACTURING COMPANY PVT LTD,wrm@wrm.biz,Rubber Products Exporters,180
636,WESTLAND INTERNATIONAL,"psharma_del@rediffmail.com, info@westlandinternational.com",Rubber Products Exporters,180
637,WINTEX EXPORTS,"wintex@wintexexports.com, wintexexports@vsnl.net",Rubber Products Exporters,180
638,WRISTON POLYMERS PVT LTD,info@wriston.com,Rubber Products Exporters,181
639,ZAHI RUBBERS INDIA LIMITED,zahirubbers@sancharnet.in,Rubber Products Exporters,181
640,ZENISH RECLAMATION,"emailmorbi@chetandethariya.com, info@zenishreclaim.com",Rubber Products Exporters,181
641,ZENITH INDUSTRIAL RUBBER PRODUCTS PVT LTD,"vohra@zenithrubber.com, info@zenithrubber.com",Rubber Products Exporters,181
642,ZEON BELTS PRIVATE LIMITED,"manar@zeonbelts.com, nikhil@zeonbelts.com",Rubber Products Exporters,182
643,ZODIAC RUBBER INDUSTRIAL PRIVATE LTD,"zodiacrubber@rediffmail.com, info@zodiacrubber.com",Rubber Products Exporters,182
